{"cameraMode":{"drawMode":0,"name":"Shaded","section":"Shading Mode"},"sceneLighting":false,"audioPlay":false,"sceneViewState":{"showFog":true,"showMaterialUpdate":false,"showSkybox":false,"showFlares":true,"showImageEffects":true,"showParticleSystems":true,"showVisualEffectGraphs":true,"m_FxEnabled":true},"in2DMode":false,"pivot":{"x":-0.19808998703956605,"y":2.2838759422302248,"z":-10.908716201782227},"rotation":{"x":0.14071863889694215,"y":0.0400727316737175,"z":-0.005726788658648729,"w":0.9892035722732544},"size":1.664686679840088,"orthographic":false}