{"cameraMode":{"drawMode":0,"name":"Shaded","section":"Shading Mode"},"sceneLighting":false,"audioPlay":false,"sceneViewState":{"showFog":true,"showMaterialUpdate":false,"showSkybox":false,"showFlares":true,"showImageEffects":true,"showParticleSystems":true,"showVisualEffectGraphs":true,"m_FxEnabled":true},"in2DMode":false,"pivot":{"x":0.23867285251617433,"y":1.2371268272399903,"z":-11.722366333007813},"rotation":{"x":-0.24048462510108949,"y":0.21677221357822419,"z":-0.05519120395183563,"w":-0.9445270895957947},"size":1.8413975238800049,"orthographic":false}