{"cameraMode":{"drawMode":0,"name":"Shaded","section":"Shading Mode"},"sceneLighting":false,"audioPlay":false,"sceneViewState":{"showFog":true,"showMaterialUpdate":false,"showSkybox":false,"showFlares":true,"showImageEffects":true,"showParticleSystems":true,"showVisualEffectGraphs":true,"m_FxEnabled":true},"in2DMode":false,"pivot":{"x":-2.077495574951172,"y":-31.933494567871095,"z":99.5238265991211},"rotation":{"x":0.15566444396972657,"y":-0.00742048816755414,"z":0.0011440322268754244,"w":0.9877611994743347},"size":61.197975158691409,"orthographic":false}