{"cameraMode":{"drawMode":0,"name":"Shaded","section":"Shading Mode"},"sceneLighting":false,"audioPlay":false,"sceneViewState":{"showFog":true,"showMaterialUpdate":false,"showSkybox":false,"showFlares":true,"showImageEffects":true,"showParticleSystems":true,"showVisualEffectGraphs":true,"m_FxEnabled":true},"in2DMode":false,"pivot":{"x":-1.719520092010498,"y":-28.194175720214845,"z":100.7380599975586},"rotation":{"x":0.15566444396972657,"y":-0.00742048816755414,"z":0.0011440322268754244,"w":0.9877611994743347},"size":64.99740600585938,"orthographic":false}