{"cameraMode":{"drawMode":0,"name":"Shaded","section":"Shading Mode"},"sceneLighting":false,"audioPlay":false,"sceneViewState":{"showFog":true,"showMaterialUpdate":false,"showSkybox":false,"showFlares":true,"showImageEffects":true,"showParticleSystems":true,"showVisualEffectGraphs":true,"m_FxEnabled":true},"in2DMode":false,"pivot":{"x":3.5001087188720705,"y":1.4574226140975953,"z":-12.42178726196289},"rotation":{"x":0.19258509576320649,"y":-0.008841506205499173,"z":0.0017205307958647609,"w":0.9812250733375549},"size":1.613034725189209,"orthographic":false}