{"cameraMode":{"drawMode":0,"name":"Shaded","section":"Shading Mode"},"sceneLighting":true,"audioPlay":false,"sceneViewState":{"showFog":true,"showMaterialUpdate":false,"showSkybox":true,"showFlares":true,"showImageEffects":true,"showParticleSystems":true,"showVisualEffectGraphs":true,"m_FxEnabled":true},"in2DMode":false,"pivot":{"x":413.1545715332031,"y":251.21725463867188,"z":12.312103271484375},"rotation":{"x":-0.07673104852437973,"y":0.008074028417468071,"z":-0.0006224422249943018,"w":-0.9970263242721558},"size":210.26272583007813,"orthographic":false}