{"cameraMode":{"drawMode":0,"name":"Shaded","section":"Shading Mode"},"sceneLighting":true,"audioPlay":false,"sceneViewState":{"showFog":true,"showMaterialUpdate":false,"showSkybox":true,"showFlares":true,"showImageEffects":true,"showParticleSystems":true,"showVisualEffectGraphs":true,"m_FxEnabled":true},"in2DMode":false,"pivot":{"x":38.697364807128909,"y":2.473292112350464,"z":-11.021345138549805},"rotation":{"x":-0.16152773797512055,"y":-0.02869483269751072,"z":0.0047350977547466759,"w":-0.9864402413368225},"size":2.68168044090271,"orthographic":false}