{"cameraMode":{"drawMode":0,"name":"Shaded","section":"Shading Mode"},"sceneLighting":true,"audioPlay":false,"sceneViewState":{"showFog":true,"showMaterialUpdate":false,"showSkybox":true,"showFlares":true,"showImageEffects":true,"showParticleSystems":true,"showVisualEffectGraphs":true,"m_FxEnabled":true},"in2DMode":false,"pivot":{"x":531.237060546875,"y":221.97915649414063,"z":105.17977905273438},"rotation":{"x":-0.05877454951405525,"y":-0.0038952832110226156,"z":0.00022787615307606757,"w":-0.9982695579528809},"size":197.00779724121095,"orthographic":false}