{"cameraMode":{"drawMode":0,"name":"Shaded","section":"Shading Mode"},"sceneLighting":true,"audioPlay":false,"sceneViewState":{"showFog":true,"showMaterialUpdate":false,"showSkybox":true,"showFlares":true,"showImageEffects":true,"showParticleSystems":true,"showVisualEffectGraphs":true,"m_FxEnabled":true},"in2DMode":false,"pivot":{"x":526.4287109375,"y":219.66778564453126,"z":257.66168212890627},"rotation":{"x":0.019800273701548578,"y":0.022484347224235536,"z":-0.0004705491301137954,"w":0.9995329976081848},"size":369.1314392089844,"orthographic":false}