{"cameraMode":{"drawMode":0,"name":"Shaded","section":"Shading Mode"},"sceneLighting":true,"audioPlay":false,"sceneViewState":{"showFog":true,"showMaterialUpdate":false,"showSkybox":true,"showFlares":true,"showImageEffects":true,"showParticleSystems":true,"showVisualEffectGraphs":true,"m_FxEnabled":true},"in2DMode":false,"pivot":{"x":11.501961708068848,"y":2.5554041862487795,"z":-7.362094879150391},"rotation":{"x":0.10200253874063492,"y":-0.04922971501946449,"z":0.005036315880715847,"w":0.9935306310653687},"size":11.169203758239746,"orthographic":false}