{"cameraMode":{"drawMode":0,"name":"Shaded","section":"Shading Mode"},"sceneLighting":true,"audioPlay":false,"sceneViewState":{"showFog":true,"showMaterialUpdate":false,"showSkybox":true,"showFlares":true,"showImageEffects":true,"showParticleSystems":true,"showVisualEffectGraphs":true,"m_FxEnabled":true},"in2DMode":false,"pivot":{"x":5.200481414794922,"y":-1.4094343185424805,"z":-11.810958862304688},"rotation":{"x":0.23326489329338075,"y":-0.053949058055877689,"z":0.012937049381434918,"w":0.9708084464073181},"size":4.777827739715576,"orthographic":false}