{"cameraMode":{"drawMode":0,"name":"Shaded","section":"Shading Mode"},"sceneLighting":true,"audioPlay":false,"sceneViewState":{"showFog":true,"showMaterialUpdate":false,"showSkybox":true,"showFlares":true,"showImageEffects":true,"showParticleSystems":true,"showVisualEffectGraphs":true,"m_FxEnabled":true},"in2DMode":false,"pivot":{"x":13.88980484008789,"y":7.198275566101074,"z":-5.868776321411133},"rotation":{"x":0.09574314206838608,"y":-0.09244399517774582,"z":0.008906389586627484,"w":0.9910415410995483},"size":13.853523254394532,"orthographic":false}