{"cameraMode":{"drawMode":0,"name":"Shaded","section":"Shading Mode"},"sceneLighting":true,"audioPlay":false,"sceneViewState":{"showFog":true,"showMaterialUpdate":false,"showSkybox":true,"showFlares":true,"showImageEffects":true,"showParticleSystems":true,"showVisualEffectGraphs":true,"m_FxEnabled":true},"in2DMode":false,"pivot":{"x":67.58026885986328,"y":380.9540100097656,"z":3.2836074829101564},"rotation":{"x":0.045283254235982898,"y":-0.01948796957731247,"z":0.0008584405295550823,"w":0.998771071434021},"size":60.488216400146487,"orthographic":false}