{"cameraMode":{"drawMode":0,"name":"Shaded","section":"Shading Mode"},"sceneLighting":true,"audioPlay":false,"sceneViewState":{"showFog":true,"showMaterialUpdate":false,"showSkybox":true,"showFlares":true,"showImageEffects":true,"showParticleSystems":true,"showVisualEffectGraphs":true,"m_FxEnabled":true},"in2DMode":false,"pivot":{"x":2.590956449508667,"y":5.247804641723633,"z":-10.988011360168457},"rotation":{"x":0.004803667776286602,"y":0.03148599714040756,"z":-0.00017999779083766043,"w":0.9994868040084839},"size":4.039236545562744,"orthographic":false}