{"cameraMode":{"drawMode":0,"name":"Shaded","section":"Shading Mode"},"sceneLighting":true,"audioPlay":false,"sceneViewState":{"showFog":true,"showMaterialUpdate":false,"showSkybox":true,"showFlares":true,"showImageEffects":true,"showParticleSystems":true,"showVisualEffectGraphs":true,"m_FxEnabled":true},"in2DMode":false,"pivot":{"x":37.81406021118164,"y":-0.4127020835876465,"z":-1.2322893142700196},"rotation":{"x":-0.2358969748020172,"y":0.07192905992269516,"z":-0.017513707280158998,"w":-0.9689612984657288},"size":12.241260528564454,"orthographic":false}