{"cameraMode":{"drawMode":0,"name":"Shaded","section":"Shading Mode"},"sceneLighting":true,"audioPlay":false,"sceneViewState":{"showFog":true,"showMaterialUpdate":false,"showSkybox":true,"showFlares":true,"showImageEffects":true,"showParticleSystems":true,"showVisualEffectGraphs":true,"m_FxEnabled":true},"in2DMode":false,"pivot":{"x":11.529999732971192,"y":1.059999942779541,"z":-4.710000038146973},"rotation":{"x":-0.29407766461372378,"y":0.043562620878219607,"z":-0.013417820446193219,"w":-0.9547061324119568},"size":2.980131149291992,"orthographic":false}