{"cameraMode":{"drawMode":0,"name":"Shaded","section":"Shading Mode"},"sceneLighting":true,"audioPlay":false,"sceneViewState":{"showFog":true,"showMaterialUpdate":false,"showSkybox":true,"showFlares":true,"showImageEffects":true,"showParticleSystems":true,"showVisualEffectGraphs":true,"m_FxEnabled":true},"in2DMode":false,"pivot":{"x":24.676109313964845,"y":3.7267487049102785,"z":-8.366255760192871},"rotation":{"x":-0.09018588066101074,"y":0.0020885909907519819,"z":-0.0001912283041747287,"w":-0.9959326386451721},"size":10.688233375549317,"orthographic":false}