{"cameraMode":{"drawMode":0,"name":"Shaded","section":"Shading Mode"},"sceneLighting":true,"audioPlay":false,"sceneViewState":{"showFog":true,"showMaterialUpdate":false,"showSkybox":true,"showFlares":true,"showImageEffects":true,"showParticleSystems":true,"showVisualEffectGraphs":true,"m_FxEnabled":true},"in2DMode":false,"pivot":{"x":21.146373748779298,"y":34.40397644042969,"z":-8.758087158203125},"rotation":{"x":0.027303442358970643,"y":-0.004507353063672781,"z":0.00009797565871849656,"w":0.9995988607406616},"size":37.397850036621097,"orthographic":false}