{"cameraMode":{"drawMode":0,"name":"Shaded","section":"Shading Mode"},"sceneLighting":true,"audioPlay":false,"sceneViewState":{"showFog":true,"showMaterialUpdate":false,"showSkybox":true,"showFlares":true,"showImageEffects":true,"showParticleSystems":true,"showVisualEffectGraphs":true,"m_FxEnabled":true},"in2DMode":false,"pivot":{"x":85.20382690429688,"y":6.569210052490234,"z":-14.928906440734864},"rotation":{"x":0.26268279552459719,"y":0.007222878746688366,"z":-0.0019955819007009269,"w":0.9648647308349609},"size":3.130474328994751,"orthographic":false}