{"cameraMode":{"drawMode":0,"name":"Shaded","section":"Shading Mode"},"sceneLighting":true,"audioPlay":false,"sceneViewState":{"showFog":true,"showMaterialUpdate":false,"showSkybox":true,"showFlares":true,"showImageEffects":true,"showParticleSystems":true,"showVisualEffectGraphs":true,"m_FxEnabled":true},"in2DMode":false,"pivot":{"x":85.186767578125,"y":1.9493669271469117,"z":-2.722196102142334},"rotation":{"x":0.16453871130943299,"y":-0.016287269070744516,"z":0.002682941034436226,"w":0.9862644076347351},"size":6.1304755210876469,"orthographic":false}