{"cameraMode":{"drawMode":0,"name":"Shaded","section":"Shading Mode"},"sceneLighting":true,"audioPlay":false,"sceneViewState":{"showFog":true,"showMaterialUpdate":false,"showSkybox":true,"showFlares":true,"showImageEffects":true,"showParticleSystems":true,"showVisualEffectGraphs":true,"m_FxEnabled":true},"in2DMode":false,"pivot":{"x":-0.9955228567123413,"y":2.4677534103393556,"z":-10.262432098388672},"rotation":{"x":0.16196247935295106,"y":0.4643501043319702,"z":-0.08681144565343857,"w":0.8664042949676514},"size":0.7646872401237488,"orthographic":false}