{"cameraMode":{"drawMode":0,"name":"Shaded","section":"Shading Mode"},"sceneLighting":true,"audioPlay":false,"sceneViewState":{"showFog":true,"showMaterialUpdate":false,"showSkybox":true,"showFlares":true,"showImageEffects":true,"showParticleSystems":true,"showVisualEffectGraphs":true,"m_FxEnabled":true},"in2DMode":false,"pivot":{"x":26.10710906982422,"y":5.333493232727051,"z":-7.748020172119141},"rotation":{"x":0.16897988319396974,"y":-0.010360786691308022,"z":0.001751369098201394,"w":0.985541820526123},"size":16.795236587524415,"orthographic":false}