{"cameraMode":{"drawMode":0,"name":"Shaded","section":"Shading Mode"},"sceneLighting":false,"audioPlay":false,"sceneViewState":{"showFog":true,"showMaterialUpdate":false,"showSkybox":false,"showFlares":true,"showImageEffects":true,"showParticleSystems":true,"showVisualEffectGraphs":true,"m_FxEnabled":true},"in2DMode":false,"pivot":{"x":9.309569358825684,"y":1.4449235200881959,"z":-12.688959121704102},"rotation":{"x":-0.19112128019332887,"y":0.009421459399163723,"z":-0.0018266914412379265,"w":-0.9815312623977661},"size":2.586629629135132,"orthographic":false}