{"cameraMode":{"drawMode":0,"name":"Shaded","section":"Shading Mode"},"sceneLighting":true,"audioPlay":false,"sceneViewState":{"showFog":true,"showMaterialUpdate":false,"showSkybox":true,"showFlares":true,"showImageEffects":true,"showParticleSystems":true,"showVisualEffectGraphs":true,"m_FxEnabled":true},"in2DMode":false,"pivot":{"x":198.34381103515626,"y":353.4062805175781,"z":119.68675231933594},"rotation":{"x":-0.17490866780281068,"y":0.00354267586953938,"z":-0.0006237408379092813,"w":-0.9845991730690002},"size":151.2791748046875,"orthographic":false}