{"cameraMode":{"drawMode":0,"name":"Shaded","section":"Shading Mode"},"sceneLighting":true,"audioPlay":false,"sceneViewState":{"showFog":true,"showMaterialUpdate":false,"showSkybox":true,"showFlares":true,"showImageEffects":true,"showParticleSystems":true,"showVisualEffectGraphs":true,"m_FxEnabled":true},"in2DMode":false,"pivot":{"x":1.919973373413086,"y":-13.574262619018555,"z":6.239697456359863},"rotation":{"x":-0.3749215602874756,"y":0.0061188931576907639,"z":-0.0024663081858307125,"w":-0.9270605444908142},"size":16.104434967041017,"orthographic":false}