{"cameraMode":{"drawMode":0,"name":"Shaded","section":"Shading Mode"},"sceneLighting":true,"audioPlay":false,"sceneViewState":{"showFog":true,"showMaterialUpdate":false,"showSkybox":true,"showFlares":true,"showImageEffects":true,"showParticleSystems":true,"showVisualEffectGraphs":true,"m_FxEnabled":true},"in2DMode":false,"pivot":{"x":431.43292236328127,"y":502.6859436035156,"z":43.243568420410159},"rotation":{"x":-0.07972226291894913,"y":-0.011366178281605244,"z":0.0009148725657723844,"w":-0.9967730045318604},"size":666.6180419921875,"orthographic":false}