{"cameraMode":{"drawMode":0,"name":"Shaded","section":"Shading Mode"},"sceneLighting":false,"audioPlay":false,"sceneViewState":{"showFog":true,"showMaterialUpdate":false,"showSkybox":false,"showFlares":true,"showImageEffects":true,"showParticleSystems":true,"showVisualEffectGraphs":true,"m_FxEnabled":true},"in2DMode":false,"pivot":{"x":24.426122665405275,"y":-1.1124391555786133,"z":14.74702262878418},"rotation":{"x":-0.192579448223114,"y":0.013833452947437764,"z":-0.0027171941474080087,"w":-0.9811871647834778},"size":18.865903854370118,"orthographic":false}