{"cameraMode":{"drawMode":0,"name":"Shaded","section":"Shading Mode"},"sceneLighting":false,"audioPlay":false,"sceneViewState":{"showFog":true,"showMaterialUpdate":false,"showSkybox":false,"showFlares":true,"showImageEffects":true,"showParticleSystems":true,"showVisualEffectGraphs":true,"m_FxEnabled":true},"in2DMode":false,"pivot":{"x":24.840940475463868,"y":1.8695096969604493,"z":1.2283287048339844},"rotation":{"x":-0.1601073294878006,"y":0.010955040343105793,"z":-0.0017788894474506379,"w":-0.9870433211326599},"size":10.596895217895508,"orthographic":false}