{"cameraMode":{"drawMode":0,"name":"Shaded","section":"Shading Mode"},"sceneLighting":false,"audioPlay":false,"sceneViewState":{"showFog":true,"showMaterialUpdate":false,"showSkybox":false,"showFlares":true,"showImageEffects":true,"showParticleSystems":true,"showVisualEffectGraphs":true,"m_FxEnabled":true},"in2DMode":false,"pivot":{"x":25.668819427490236,"y":5.101729869842529,"z":-3.3139047622680666},"rotation":{"x":-0.2394568771123886,"y":-0.0052449931390583519,"z":0.0012925397604703904,"w":-0.9709000587463379},"size":6.798569679260254,"orthographic":false}