{"cameraMode":{"drawMode":0,"name":"Shaded","section":"Shading Mode"},"sceneLighting":false,"audioPlay":false,"sceneViewState":{"showFog":true,"showMaterialUpdate":false,"showSkybox":false,"showFlares":true,"showImageEffects":true,"showParticleSystems":true,"showVisualEffectGraphs":true,"m_FxEnabled":true},"in2DMode":false,"pivot":{"x":16.901811599731447,"y":4.648118019104004,"z":-4.193696975708008},"rotation":{"x":0.06471951305866242,"y":-0.037422627210617068,"z":0.002399883233010769,"w":0.9972280263900757},"size":10.51623821258545,"orthographic":false}