{"cameraMode":{"drawMode":0,"name":"Shaded","section":"Shading Mode"},"sceneLighting":true,"audioPlay":false,"sceneViewState":{"showFog":true,"showMaterialUpdate":false,"showSkybox":true,"showFlares":true,"showImageEffects":true,"showParticleSystems":true,"showVisualEffectGraphs":true,"m_FxEnabled":true},"in2DMode":false,"pivot":{"x":-1.5715985298156739,"y":3.5735220909118654,"z":-8.693451881408692},"rotation":{"x":-0.14083991944789887,"y":-0.002378558972850442,"z":0.00033858310780487955,"w":-0.990030825138092},"size":7.8454108238220219,"orthographic":false}