{"cameraMode":{"drawMode":0,"name":"Shaded","section":"Shading Mode"},"sceneLighting":true,"audioPlay":false,"sceneViewState":{"showFog":true,"showMaterialUpdate":false,"showSkybox":true,"showFlares":true,"showImageEffects":true,"showParticleSystems":true,"showVisualEffectGraphs":true,"m_FxEnabled":true},"in2DMode":false,"pivot":{"x":139.94833374023438,"y":284.0533142089844,"z":508.4856872558594},"rotation":{"x":-0.07509948313236237,"y":-0.06069246307015419,"z":0.004578857682645321,"w":-0.9953165054321289},"size":325.05682373046877,"orthographic":false}