{"cameraMode":{"drawMode":0,"name":"Shaded","section":"Shading Mode"},"sceneLighting":true,"audioPlay":false,"sceneViewState":{"showFog":true,"showMaterialUpdate":false,"showSkybox":true,"showFlares":true,"showImageEffects":true,"showParticleSystems":true,"showVisualEffectGraphs":true,"m_FxEnabled":true},"in2DMode":false,"pivot":{"x":-0.7872233390808106,"y":3.671208381652832,"z":-11.56292724609375},"rotation":{"x":-0.2409103512763977,"y":-0.006699364632368088,"z":0.0016629862366244197,"w":-0.9705235958099365},"size":10.407719612121582,"orthographic":false}