{"cameraMode":{"drawMode":0,"name":"Shaded","section":"Shading Mode"},"sceneLighting":true,"audioPlay":false,"sceneViewState":{"showFog":true,"showMaterialUpdate":false,"showSkybox":true,"showFlares":true,"showImageEffects":true,"showParticleSystems":true,"showVisualEffectGraphs":true,"m_FxEnabled":true},"in2DMode":false,"pivot":{"x":358.08380126953127,"y":227.44113159179688,"z":-118.42105102539063},"rotation":{"x":-0.021306844428181649,"y":0.012595929205417633,"z":-0.0002828074211720377,"w":-0.9996965527534485},"size":109.41207885742188,"orthographic":false}