{"cameraMode":{"drawMode":0,"name":"Shaded","section":"Shading Mode"},"sceneLighting":true,"audioPlay":false,"sceneViewState":{"showFog":true,"showMaterialUpdate":false,"showSkybox":true,"showFlares":true,"showImageEffects":true,"showParticleSystems":true,"showVisualEffectGraphs":true,"m_FxEnabled":true},"in2DMode":false,"pivot":{"x":-0.2696349322795868,"y":1.1038684844970704,"z":-9.252057075500489},"rotation":{"x":-0.24380801618099214,"y":0.012215601280331612,"z":-0.0030861403793096544,"w":-0.969741940498352},"size":7.84605598449707,"orthographic":false}