{"cameraMode":{"drawMode":0,"name":"Shaded","section":"Shading Mode"},"sceneLighting":true,"audioPlay":false,"sceneViewState":{"showFog":true,"showMaterialUpdate":false,"showSkybox":true,"showFlares":true,"showImageEffects":true,"showParticleSystems":true,"showVisualEffectGraphs":true,"m_FxEnabled":true},"in2DMode":false,"pivot":{"x":3.567779779434204,"y":-1.1440067291259766,"z":-3.064279556274414},"rotation":{"x":-0.14968284964561463,"y":0.02876664325594902,"z":-0.004359108861535788,"w":-0.9883168339729309},"size":12.273338317871094,"orthographic":false}