{"cameraMode":{"drawMode":0,"name":"Shaded","section":"Shading Mode"},"sceneLighting":true,"audioPlay":false,"sceneViewState":{"showFog":true,"showMaterialUpdate":false,"showSkybox":true,"showFlares":true,"showImageEffects":true,"showParticleSystems":true,"showVisualEffectGraphs":true,"m_FxEnabled":true},"in2DMode":false,"pivot":{"x":3.9085593223571779,"y":3.1199607849121095,"z":-11.36562728881836},"rotation":{"x":-0.17920269072055818,"y":-0.03777078911662102,"z":0.006885049864649773,"w":-0.9830667972564697},"size":4.182448863983154,"orthographic":false}