{"cameraMode":{"drawMode":0,"name":"Shaded","section":"Shading Mode"},"sceneLighting":true,"audioPlay":false,"sceneViewState":{"showFog":true,"showMaterialUpdate":false,"showSkybox":true,"showFlares":true,"showImageEffects":true,"showParticleSystems":true,"showVisualEffectGraphs":true,"m_FxEnabled":true},"in2DMode":false,"pivot":{"x":-19.86768913269043,"y":1.7616667747497559,"z":-13.166667938232422},"rotation":{"x":-0.1560612916946411,"y":0.22080521285533906,"z":-0.035817086696624759,"w":-0.9620924592018127},"size":1.7824490070343018,"orthographic":false}