{"cameraMode":{"drawMode":0,"name":"Shaded","section":"Shading Mode"},"sceneLighting":true,"audioPlay":false,"sceneViewState":{"showFog":true,"showMaterialUpdate":false,"showSkybox":true,"showFlares":true,"showImageEffects":true,"showParticleSystems":true,"showVisualEffectGraphs":true,"m_FxEnabled":true},"in2DMode":false,"pivot":{"x":352.1258850097656,"y":405.6087646484375,"z":-323.0970153808594},"rotation":{"x":-0.21023017168045045,"y":-0.0038163764402270319,"z":0.0008066822192631662,"w":-0.9776520133018494},"size":3.320646286010742,"orthographic":false}