{"cameraMode":{"drawMode":0,"name":"Shaded","section":"Shading Mode"},"sceneLighting":true,"audioPlay":false,"sceneViewState":{"showFog":true,"showMaterialUpdate":false,"showSkybox":true,"showFlares":true,"showImageEffects":true,"showParticleSystems":true,"showVisualEffectGraphs":true,"m_FxEnabled":true},"in2DMode":false,"pivot":{"x":-2.9834606647491457,"y":2.142911911010742,"z":-5.746936321258545},"rotation":{"x":-0.37348127365112307,"y":-0.014750923030078411,"z":0.005939534865319729,"w":-0.9275022149085999},"size":12.12435531616211,"orthographic":false}