{"cameraMode":{"drawMode":0,"name":"Shaded","section":"Shading Mode"},"sceneLighting":true,"audioPlay":false,"sceneViewState":{"showFog":true,"showMaterialUpdate":false,"showSkybox":true,"showFlares":true,"showImageEffects":true,"showParticleSystems":true,"showVisualEffectGraphs":true,"m_FxEnabled":true},"in2DMode":false,"pivot":{"x":10.680465698242188,"y":2.722149133682251,"z":-10.366795539855957},"rotation":{"x":-0.24310044944286347,"y":-0.07499226182699204,"z":0.018847450613975526,"w":-0.9669273495674133},"size":5.991086006164551,"orthographic":false}