{"cameraMode":{"drawMode":0,"name":"Shaded","section":"Shading Mode"},"sceneLighting":false,"audioPlay":false,"sceneViewState":{"showFog":true,"showMaterialUpdate":false,"showSkybox":false,"showFlares":true,"showImageEffects":true,"showParticleSystems":true,"showVisualEffectGraphs":true,"m_FxEnabled":true},"in2DMode":false,"pivot":{"x":1.1890000104904175,"y":-1.1400001049041749,"z":-11.8100004196167},"rotation":{"x":0.001190970535390079,"y":0.0425848625600338,"z":0.00004867485404247418,"w":-0.9991006255149841},"size":2.8925375938415529,"orthographic":false}