{"cameraMode":{"drawMode":0,"name":"Shaded","section":"Shading Mode"},"sceneLighting":true,"audioPlay":false,"sceneViewState":{"showFog":true,"showMaterialUpdate":false,"showSkybox":true,"showFlares":true,"showImageEffects":true,"showParticleSystems":true,"showVisualEffectGraphs":true,"m_FxEnabled":true},"in2DMode":false,"pivot":{"x":0.8671091198921204,"y":-6.5898942947387699,"z":4.2202959060668949},"rotation":{"x":-0.25826773047447207,"y":-0.024055523797869684,"z":0.006432250142097473,"w":-0.965759813785553},"size":23.23959732055664,"orthographic":false}