{"cameraMode":{"drawMode":0,"name":"Shaded","section":"Shading Mode"},"sceneLighting":true,"audioPlay":false,"sceneViewState":{"showFog":true,"showMaterialUpdate":false,"showSkybox":true,"showFlares":true,"showImageEffects":true,"showParticleSystems":true,"showVisualEffectGraphs":true,"m_FxEnabled":true},"in2DMode":false,"pivot":{"x":15.531641960144043,"y":1.7633333206176758,"z":-11.736612319946289},"rotation":{"x":-0.03385720029473305,"y":0.36100757122039797,"z":-0.01309716235846281,"w":-0.9318719506263733},"size":1.506553292274475,"orthographic":false}