{"cameraMode":{"drawMode":0,"name":"Shaded","section":"Shading Mode"},"sceneLighting":false,"audioPlay":false,"sceneViewState":{"showFog":true,"showMaterialUpdate":false,"showSkybox":false,"showFlares":true,"showImageEffects":true,"showParticleSystems":true,"showVisualEffectGraphs":true,"m_FxEnabled":true},"in2DMode":false,"pivot":{"x":6.699999809265137,"y":1.159999966621399,"z":-11.220000267028809},"rotation":{"x":-0.021306844428181649,"y":0.012595929205417633,"z":-0.0002828074211720377,"w":-0.9996965527534485},"size":143.58030700683595,"orthographic":false}