{"cameraMode":{"drawMode":0,"name":"Shaded","section":"Shading Mode"},"sceneLighting":false,"audioPlay":false,"sceneViewState":{"showFog":true,"showMaterialUpdate":false,"showSkybox":false,"showFlares":true,"showImageEffects":true,"showParticleSystems":true,"showVisualEffectGraphs":true,"m_FxEnabled":true},"in2DMode":false,"pivot":{"x":-3.1952123641967775,"y":0.7151763439178467,"z":-8.223515510559082},"rotation":{"x":0.09759119898080826,"y":-0.035829994827508929,"z":0.0034933192655444147,"w":0.9946023225784302},"size":3.1129097938537599,"orthographic":false}