{"cameraMode":{"drawMode":0,"name":"Shaded","section":"Shading Mode"},"sceneLighting":false,"audioPlay":false,"sceneViewState":{"showFog":true,"showMaterialUpdate":false,"showSkybox":false,"showFlares":true,"showImageEffects":true,"showParticleSystems":true,"showVisualEffectGraphs":true,"m_FxEnabled":true},"in2DMode":false,"pivot":{"x":12.566003799438477,"y":1.0513229370117188,"z":-6.333009719848633},"rotation":{"x":-0.043021462857723239,"y":0.3129185140132904,"z":-0.014170637354254723,"w":-0.9487184286117554},"size":6.2276787757873539,"orthographic":false}