{"cameraMode":{"drawMode":0,"name":"Shaded","section":"Shading Mode"},"sceneLighting":true,"audioPlay":false,"sceneViewState":{"showFog":true,"showMaterialUpdate":false,"showSkybox":true,"showFlares":true,"showImageEffects":true,"showParticleSystems":true,"showVisualEffectGraphs":true,"m_FxEnabled":true},"in2DMode":false,"pivot":{"x":-7.130358695983887,"y":1.849251389503479,"z":-13.835348129272461},"rotation":{"x":0.00019867674564011395,"y":-0.7729716300964356,"z":0.00023561525449622422,"w":0.6344495415687561},"size":6.470183372497559,"orthographic":false}