{"cameraMode":{"drawMode":0,"name":"Shaded","section":"Shading Mode"},"sceneLighting":false,"audioPlay":false,"sceneViewState":{"showFog":true,"showMaterialUpdate":false,"showSkybox":false,"showFlares":true,"showImageEffects":true,"showParticleSystems":true,"showVisualEffectGraphs":true,"m_FxEnabled":true},"in2DMode":false,"pivot":{"x":9.41705322265625,"y":1.4653968811035157,"z":-10.348841667175293},"rotation":{"x":0.26268279552459719,"y":0.007222878746688366,"z":-0.0019955819007009269,"w":0.9648647308349609},"size":2.7449376583099367,"orthographic":false}