{"cameraMode":{"drawMode":0,"name":"Shaded","section":"Shading Mode"},"sceneLighting":false,"audioPlay":false,"sceneViewState":{"showFog":true,"showMaterialUpdate":false,"showSkybox":false,"showFlares":true,"showImageEffects":true,"showParticleSystems":true,"showVisualEffectGraphs":true,"m_FxEnabled":true},"in2DMode":false,"pivot":{"x":8.900641441345215,"y":1.3320951461791993,"z":-10.418149948120118},"rotation":{"x":-0.27281004190444949,"y":-0.003753803437575698,"z":0.0010700939456000925,"w":-0.9620743989944458},"size":2.586629629135132,"orthographic":false}