{"cameraMode":{"drawMode":0,"name":"Shaded","section":"Shading Mode"},"sceneLighting":true,"audioPlay":false,"sceneViewState":{"showFog":true,"showMaterialUpdate":false,"showSkybox":true,"showFlares":true,"showImageEffects":true,"showParticleSystems":true,"showVisualEffectGraphs":true,"m_FxEnabled":true},"in2DMode":false,"pivot":{"x":-0.42917636036872866,"y":7.609711647033691,"z":-10.86909294128418},"rotation":{"x":-0.7407621741294861,"y":0.009468375705182553,"z":-0.010442469269037247,"w":-0.6716231107711792},"size":1.3219163417816163,"orthographic":false}