{"cameraMode":{"drawMode":0,"name":"Shaded","section":"Shading Mode"},"sceneLighting":false,"audioPlay":false,"sceneViewState":{"showFog":true,"showMaterialUpdate":false,"showSkybox":false,"showFlares":true,"showImageEffects":true,"showParticleSystems":true,"showVisualEffectGraphs":true,"m_FxEnabled":true},"in2DMode":false,"pivot":{"x":0.49759411811828616,"y":0.1970348358154297,"z":-12.167869567871094},"rotation":{"x":-0.16788603365421296,"y":0.1127028688788414,"z":-0.019326018169522287,"w":-0.9791608452796936},"size":3.5766122341156008,"orthographic":false}