{"cameraMode":{"drawMode":0,"name":"Shaded","section":"Shading Mode"},"sceneLighting":false,"audioPlay":false,"sceneViewState":{"showFog":true,"showMaterialUpdate":false,"showSkybox":false,"showFlares":true,"showImageEffects":true,"showParticleSystems":true,"showVisualEffectGraphs":true,"m_FxEnabled":true},"in2DMode":false,"pivot":{"x":-0.1817389577627182,"y":4.811470031738281,"z":-11.388997077941895},"rotation":{"x":-0.26218941807746889,"y":0.05987958982586861,"z":-0.016296938061714174,"w":-0.9630337357521057},"size":0.17603325843811036,"orthographic":false}