{"cameraMode":{"drawMode":0,"name":"Shaded","section":"Shading Mode"},"sceneLighting":false,"audioPlay":false,"sceneViewState":{"showFog":true,"showMaterialUpdate":false,"showSkybox":false,"showFlares":true,"showImageEffects":true,"showParticleSystems":true,"showVisualEffectGraphs":true,"m_FxEnabled":true},"in2DMode":false,"pivot":{"x":-0.7220481634140015,"y":0.8328270316123962,"z":-7.926748752593994},"rotation":{"x":-0.19553056359291078,"y":-0.011182817630469799,"z":0.0022150736767798664,"w":-0.9806360602378845},"size":8.770246505737305,"orthographic":false}