{"cameraMode":{"drawMode":0,"name":"Shaded","section":"Shading Mode"},"sceneLighting":false,"audioPlay":false,"sceneViewState":{"showFog":true,"showMaterialUpdate":false,"showSkybox":false,"showFlares":true,"showImageEffects":true,"showParticleSystems":true,"showVisualEffectGraphs":true,"m_FxEnabled":true},"in2DMode":false,"pivot":{"x":18.770000457763673,"y":-14.489999771118164,"z":-18.559999465942384},"rotation":{"x":0.1851540058851242,"y":-0.028014251962304117,"z":0.005254261661320925,"w":0.9822881817817688},"size":2.2237327098846437,"orthographic":false}