{"cameraMode":{"drawMode":0,"name":"Shaded","section":"Shading Mode"},"sceneLighting":false,"audioPlay":false,"sceneViewState":{"showFog":true,"showMaterialUpdate":false,"showSkybox":false,"showFlares":true,"showImageEffects":true,"showParticleSystems":true,"showVisualEffectGraphs":true,"m_FxEnabled":true},"in2DMode":false,"pivot":{"x":0.16869759559631349,"y":4.874759674072266,"z":-8.534388542175293},"rotation":{"x":0.11841229349374771,"y":-0.22292080521583558,"z":0.02726154774427414,"w":0.9672643542289734},"size":2.9050116539001467,"orthographic":false}