{"cameraMode":{"drawMode":0,"name":"Shaded","section":"Shading Mode"},"sceneLighting":true,"audioPlay":false,"sceneViewState":{"showFog":true,"showMaterialUpdate":false,"showSkybox":true,"showFlares":true,"showImageEffects":true,"showParticleSystems":true,"showVisualEffectGraphs":true,"m_FxEnabled":true},"in2DMode":false,"pivot":{"x":153.5318603515625,"y":334.9937438964844,"z":-0.6866073608398438},"rotation":{"x":-0.08420951664447785,"y":0.0020896648056805135,"z":-0.00017672724789008498,"w":-0.9964459538459778},"size":50.328487396240237,"orthographic":false}