{"cameraMode":{"drawMode":0,"name":"Shaded","section":"Shading Mode"},"sceneLighting":true,"audioPlay":false,"sceneViewState":{"showFog":true,"showMaterialUpdate":false,"showSkybox":true,"showFlares":true,"showImageEffects":true,"showParticleSystems":true,"showVisualEffectGraphs":true,"m_FxEnabled":true},"in2DMode":false,"pivot":{"x":117.07470703125,"y":353.7260437011719,"z":1.2507143020629883},"rotation":{"x":-0.018306519836187364,"y":-0.014399887062609196,"z":0.00026361801428720355,"w":-0.9997268319129944},"size":30.51700782775879,"orthographic":false}