{"cameraMode":{"drawMode":0,"name":"Shaded","section":"Shading Mode"},"sceneLighting":false,"audioPlay":false,"sceneViewState":{"showFog":true,"showMaterialUpdate":false,"showSkybox":false,"showFlares":true,"showImageEffects":true,"showParticleSystems":true,"showVisualEffectGraphs":true,"m_FxEnabled":true},"in2DMode":false,"pivot":{"x":3.5016000270843508,"y":1.4119999408721924,"z":-12.519000053405762},"rotation":{"x":-0.018306519836187364,"y":-0.014399887062609196,"z":0.00026361801428720355,"w":-0.9997268319129944},"size":3.637995481491089,"orthographic":false}