{"cameraMode":{"drawMode":0,"name":"Shaded","section":"Shading Mode"},"sceneLighting":false,"audioPlay":false,"sceneViewState":{"showFog":true,"showMaterialUpdate":false,"showSkybox":false,"showFlares":true,"showImageEffects":true,"showParticleSystems":true,"showVisualEffectGraphs":true,"m_FxEnabled":true},"in2DMode":false,"pivot":{"x":18.354736328125,"y":3.4335315227508547,"z":-9.433189392089844},"rotation":{"x":-0.08570297807455063,"y":-0.0023929523304104807,"z":0.00020411756122484803,"w":-0.9963197708129883},"size":7.607610702514648,"orthographic":false}