{"cameraMode":{"drawMode":0,"name":"Shaded","section":"Shading Mode"},"sceneLighting":false,"audioPlay":false,"sceneViewState":{"showFog":true,"showMaterialUpdate":false,"showSkybox":false,"showFlares":true,"showImageEffects":true,"showParticleSystems":true,"showVisualEffectGraphs":true,"m_FxEnabled":true},"in2DMode":false,"pivot":{"x":18.104000091552736,"y":1.5799999237060547,"z":-12.949999809265137},"rotation":{"x":-0.07668077945709229,"y":-0.03678516298532486,"z":0.002829244127497077,"w":-0.9963748455047607},"size":1.7824490070343018,"orthographic":false}