{"cameraMode":{"drawMode":0,"name":"Shaded","section":"Shading Mode"},"sceneLighting":false,"audioPlay":false,"sceneViewState":{"showFog":true,"showMaterialUpdate":false,"showSkybox":false,"showFlares":true,"showImageEffects":true,"showParticleSystems":true,"showVisualEffectGraphs":true,"m_FxEnabled":true},"in2DMode":false,"pivot":{"x":17.741785049438478,"y":0.2997824251651764,"z":-12.389276504516602},"rotation":{"x":-0.018306558951735498,"y":0.00959611963480711,"z":-0.00017744490469340235,"w":-0.9997875690460205},"size":5.38086462020874,"orthographic":false}